X0[um],X300[um]
0.04965627166547142,-14.125587801712197
0.6974373530885611,-19.242624839244538
0.6932666236153504,-44.06535463246893
0.5672662775955132,-37.30035850863007
